leg_id,full_name,first_name,middle_name,last_name,suffixes,nickname,active,state,chamber,district,party,transparencydata_id,photo_url,created_at,updated_at
IAL000013,Swati A. Dandekar,Swati,A.,Dandekar,,,False,ia,,,,42791ca95d114e63a88da77bc4c467f9,http://www.legis.iowa.gov/getPhotoPeople.aspx?GA=84&PID=200,2011-09-13 01:16:50.454000,2012-07-12 15:55:22.729000
IAL000051,Ako Abdul-Samad,Ako,,Abdul-Samad,,,True,ia,lower,66,Democratic,f4971a103a7141b89dd98359f8519034,http://www.legis.iowa.gov/getPhotoPeople.aspx?GA=84&PID=6485,2011-09-13 01:16:50.957000,2012-10-29 04:04:00.091000
IAL000052,Dwayne Alons,Dwayne,,Alons,,,True,ia,lower,4,Republican,326ab21aa917484294bb1c092438db1a,http://www.legis.iowa.gov/getPhotoPeople.aspx?GA=84&PID=5,2011-09-13 01:16:50.975000,2012-10-29 04:04:00.093000
IAL000053,Richard Anderson,Richard,,Anderson,,,True,ia,lower,97,Republican,80acdce8cf8b4e959209b87648e5835c,http://www.legis.iowa.gov/getPhotoPeople.aspx?GA=84&PID=777,2011-09-13 01:16:51.017000,2012-10-29 04:04:00.094000
IAL000054,Richard D. Arnold,Richard,D.,Arnold,,,True,ia,lower,72,Republican,3e97c91259f24d37beee00151ffb0160,http://www.legis.iowa.gov/getPhotoPeople.aspx?GA=84&PID=91,2011-09-13 01:16:51.028000,2012-10-29 04:04:00.095000
IAL000055,Chip Baltimore,Chip,,Baltimore,,,True,ia,lower,48,Republican,2781f98796f14cb68548592c578ea2b9,http://www.legis.iowa.gov/getPhotoPeople.aspx?GA=84&PID=10798,2011-09-13 01:16:51.050000,2012-10-29 04:04:00.096000
IAL000056,Clel Baudler,Clel,,Baudler,,,True,ia,lower,58,Republican,5602187a80df41689a1a4dc9a5c81baf,http://www.legis.iowa.gov/getPhotoPeople.aspx?GA=84&PID=78,2011-09-13 01:16:51.062000,2012-10-29 04:04:00.097000
IAL000057,Deborah L. Berry,Deborah,L.,Berry,,,True,ia,lower,22,Democratic,67479c203e154570a1a3803c12efe565,http://www.legis.iowa.gov/getPhotoPeople.aspx?GA=84&PID=298,2011-09-13 01:16:51.073000,2012-10-29 04:04:00.098000
IAL000058,Mark Brandenburg,Mark,,Brandenburg,,,True,ia,lower,100,Republican,7c94f1e939234b6ca39570331416b27d,http://www.legis.iowa.gov/getPhotoPeople.aspx?GA=84&PID=10807,2011-09-13 01:16:51.092000,2012-10-29 04:04:00.100000
IAL000059,Josh Byrnes,Joshua,,Byrnes,,,True,ia,lower,14,Republican,1c9e636d050e4ff2bf25e2ee64dece85,http://www.legis.iowa.gov/getPhotoPeople.aspx?GA=84&PID=10788,2011-09-13 01:16:51.103000,2012-10-29 04:04:00.101000
IAL000060,Royd E. Chambers,Royd,E.,Chambers,,,True,ia,lower,5,Republican,09e733a276e84ea9bcc2fc6cf6936145,http://www.legis.iowa.gov/getPhotoPeople.aspx?GA=84&PID=297,2011-09-13 01:16:51.115000,2012-10-29 04:04:00.102000
IAL000061,Dennis M. Cohoon,Dennis,M.,Cohoon,,,True,ia,lower,88,Democratic,ac5d93e1e6fa4f89b0db4605552e451e,http://www.legis.iowa.gov/getPhotoPeople.aspx?GA=84&PID=100,2011-09-13 01:16:51.127000,2012-10-29 04:04:00.103000
IAL000062,Peter Cownie,Peter,,Cownie,,,True,ia,lower,60,Republican,19fb6cf0147e4e508902725ae9da07f0,http://www.legis.iowa.gov/getPhotoPeople.aspx?GA=84&PID=7502,2011-09-13 01:16:51.140000,2012-10-29 04:04:00.104000
IAL000063,Betty R. De Boef,Betty,R.,De Boef,,,True,ia,lower,76,Republican,714d8327a066490ca93dcd339aa7683f,http://www.legis.iowa.gov/getPhotoPeople.aspx?GA=84&PID=96,2011-09-13 01:16:51.151000,2012-10-29 04:04:00.105000
IAL000064,Dave Deyoe,Dave,,Deyoe,,,True,ia,lower,10,Republican,dd5bb42d4d10423ea2460cc5ee089eaf,http://www.legis.iowa.gov/getPhotoPeople.aspx?GA=84&PID=6490,2011-09-13 01:16:51.162000,2012-10-29 04:04:00.106000
IAL000065,Cecil Dolecheck,Cecil,,Dolecheck,,,True,ia,lower,96,Republican,d1c0df61fb6941e2921d08013c101188,http://www.legis.iowa.gov/getPhotoPeople.aspx?GA=84&PID=88,2011-09-13 01:16:51.182000,2012-10-29 04:04:00.108000
IAL000066,Jack Drake,Jack,,Drake,,,True,ia,lower,57,Republican,2ff4b0be426843cdad320f41d404d78d,http://www.legis.iowa.gov/getPhotoPeople.aspx?GA=84&PID=81,2011-09-13 01:16:51.193000,2012-10-29 04:04:00.109000
IAL000067,Greg Forristall,Greg,,Forristall,,,True,ia,lower,98,Republican,0da0558e5908458787b385f119805c1f,http://www.legis.iowa.gov/getPhotoPeople.aspx?GA=84&PID=6489,2011-09-13 01:16:51.205000,2012-10-29 04:04:00.110000
IAL000068,Joel Fry,Joel,,Fry,,,True,ia,lower,95,Republican,4aec551dd51f4a8d98737556440d4d03,http://www.legis.iowa.gov/getPhotoPeople.aspx?GA=84&PID=10806,2011-09-13 01:16:51.216000,2012-10-29 04:04:00.111000
IAL000069,Ruth Ann Gaines,Ruth Ann,,Gaines,,,True,ia,lower,65,Democratic,62a99cf493d84b4292fd28e5c09b0ad6,http://www.legis.iowa.gov/getPhotoPeople.aspx?GA=84&PID=10810,2011-09-13 01:16:51.227000,2012-10-29 04:04:00.112000
IAL000070,Julian Garrett,Julian,,Garrett,,,True,ia,lower,73,Republican,53485edef1294ce29ef5fb169682979a,http://www.legis.iowa.gov/getPhotoPeople.aspx?GA=84&PID=10801,2011-09-13 01:16:51.239000,2012-10-29 04:04:00.113000
IAL000071,Mary Gaskill,Mary,,Gaskill,,,True,ia,lower,93,Democratic,46519dcdb5ad45f08959e7a6e6b6e300,http://www.legis.iowa.gov/getPhotoPeople.aspx?GA=84&PID=255,2011-09-13 01:16:51.250000,2012-10-29 04:04:00.114000
IAL000072,Pat Grassley,Pat,,Grassley,,,True,ia,lower,17,Republican,4e4a9c58a3f5409e918626c7248b9a7a,http://www.legis.iowa.gov/getPhotoPeople.aspx?GA=84&PID=6477,2011-09-13 01:16:51.261000,2012-10-29 04:04:00.115000
IAL000073,Chris Hagenow,Chris,,Hagenow,,,True,ia,lower,59,Republican,eddcd3a6504141a08d2fa52600204ef8,http://www.legis.iowa.gov/getPhotoPeople.aspx?GA=84&PID=7503,2011-09-13 01:16:51.279000,2012-10-29 04:04:00.117000
IAL000074,Bob Hager,Robert,,Hager,,,True,ia,lower,16,Republican,37d0e954471b4d6cbf96f3aad370536c,http://www.legis.iowa.gov/getPhotoPeople.aspx?GA=84&PID=10789,2011-09-13 01:16:51.290000,2012-10-29 04:04:00.118000
IAL000075,Chris Hall,Christopher,,Hall,,,True,ia,lower,2,Democratic,4d7fbcfed0ef4dd69c5a5aea8c61b325,http://www.legis.iowa.gov/getPhotoPeople.aspx?GA=84&PID=10783,2011-09-13 01:16:51.301000,2012-10-29 04:04:00.119000
IAL000076,Curtis Hanson,Curtis,,Hanson,,,True,ia,lower,90,Democratic,c15d16a21a7547d7b0afb3799818d310,http://www.legis.iowa.gov/getPhotoPeople.aspx?GA=84&PID=10340,2011-09-13 01:16:51.313000,2012-10-29 04:04:00.120000
IAL000077,Mary Ann Hanusa,Mary Ann,,Hanusa,,,True,ia,lower,99,Republican,99547e978e864a88a1375d1df93de36d,http://www.legis.iowa.gov/getPhotoPeople.aspx?GA=84&PID=10809,2011-09-13 01:16:51.324000,2012-10-29 04:04:00.121000
IAL000078,David E. Heaton,David,E.,Heaton,,,True,ia,lower,91,Republican,deca4104fcbc49e98911d3bef30dafd0,http://www.legis.iowa.gov/getPhotoPeople.aspx?GA=84&PID=97,2011-09-13 01:16:51.335000,2012-10-29 04:04:00.122000
IAL000079,Lisa Heddens,Lisa,,Heddens,,,True,ia,lower,46,Democratic,3518f1b0861645b797f29325f533df01,http://www.legis.iowa.gov/getPhotoPeople.aspx?GA=84&PID=213,2011-09-13 01:16:51.346000,2012-10-29 04:04:00.123000
IAL000080,Lee Hein,Lee,,Hein,,,True,ia,lower,31,Republican,7a9e1fa628d3460da77e1ded792d271f,http://www.legis.iowa.gov/getPhotoPeople.aspx?GA=84&PID=10795,2011-09-13 01:16:51.357000,2012-10-29 04:04:00.124000
IAL000081,Erik Helland,Erik,,Helland,,,True,ia,lower,69,Republican,716f61d035bc489f887d0931b5704eb8,http://www.legis.iowa.gov/getPhotoPeople.aspx?GA=84&PID=7509,2011-09-13 01:16:51.370000,2012-10-29 04:04:00.125000
IAL000082,Lance J. Horbach,Lance,J.,Horbach,,,True,ia,lower,40,Republican,7dd5fcdec7e04a9bab65be4a834e5d74,http://www.legis.iowa.gov/getPhotoPeople.aspx?GA=84&PID=60,2011-09-13 01:16:51.384000,2012-10-29 04:04:00.127000
IAL000083,Bruce L. Hunter,Bruce,L.,Hunter,,,True,ia,lower,62,Democratic,de9e87af44044a2d91dd3e19fb075813,http://www.legis.iowa.gov/getPhotoPeople.aspx?GA=84&PID=317,2011-09-13 01:16:51.441000,2012-10-29 04:04:00.128000
IAL000084,Daniel A. Huseman,Daniel,A.,Huseman,,,True,ia,lower,53,Republican,47c2b8de861d4cce81623f16462e949b,http://www.legis.iowa.gov/getPhotoPeople.aspx?GA=84&PID=9,2011-09-13 01:16:51.456000,2012-10-29 04:04:00.129000
IAL000085,Charles Isenhart,Charles,,Isenhart,,,True,ia,lower,27,Democratic,6ecac884dc104926a6eeb35d694f402f,http://www.legis.iowa.gov/getPhotoPeople.aspx?GA=84&PID=7494,2011-09-13 01:16:51.488000,2012-10-29 04:04:00.130000
IAL000086,Stewart Iverson,Stewart,,Iverson,,,True,ia,lower,9,Republican,a066ed06540348beb6b32589a55f08bb,http://www.legis.iowa.gov/getPhotoPeople.aspx?GA=84&PID=109,2011-09-13 01:16:51.499000,2012-10-29 04:04:00.132000
IAL000087,Dave Jacoby,Dave,,Jacoby,,,True,ia,lower,30,Democratic,b1b97fea257c4f3392470babecd4090d,http://www.legis.iowa.gov/getPhotoPeople.aspx?GA=84&PID=320,2011-09-13 01:16:51.510000,2012-10-29 04:04:00.133000
IAL000088,Ronald Jorgensen,Ronald,,Jorgensen,,,True,ia,lower,54,Republican,c58f9916b0d34f459e0b764d5d979367,http://www.legis.iowa.gov/getPhotoPeople.aspx?GA=84&PID=10800,2011-09-13 01:16:51.521000,2012-10-29 04:04:00.134000
IAL000089,Anesa Kajtazovic,Anesa,,Kajtazovic,,,True,ia,lower,21,Democratic,4672bca4e5d846d68d013102a739c2cb,http://www.legis.iowa.gov/getPhotoPeople.aspx?GA=84&PID=10791,2011-09-13 01:16:51.532000,2012-10-29 04:04:00.135000
IAL000090,Jeff Kaufmann,Jeff,,Kaufmann,,,True,ia,lower,79,Republican,138380b2e51f4850b75a2ecd98304c41,http://www.legis.iowa.gov/getPhotoPeople.aspx?GA=84&PID=780,2011-09-13 01:16:51.543000,2012-10-29 04:04:00.136000
IAL000091,Jerry A. Kearns,Jerry,A.,Kearns,,,True,ia,lower,92,Democratic,d39bb243e22a46bab410b4b47bfe4586,http://www.legis.iowa.gov/getPhotoPeople.aspx?GA=84&PID=7498,2011-09-13 01:16:51.554000,2012-10-29 04:04:00.137000
IAL000092,Daniel Kelley,Daniel,,Kelley,,,True,ia,lower,41,Democratic,11dda0d54d154e959a77c62ee3344595,http://www.legis.iowa.gov/getPhotoPeople.aspx?GA=84&PID=10796,2011-09-13 01:16:51.566000,2012-10-29 04:04:00.138000
IAL000093,Jarad Klein,Jarad,,Klein,,,True,ia,lower,89,Republican,82c915f328194659989bd606ff66f701,http://www.legis.iowa.gov/getPhotoPeople.aspx?GA=84&PID=10805,2011-09-13 01:16:51.577000,2012-10-29 04:04:00.140000
IAL000094,Kevin Koester,Kevin,,Koester,,,True,ia,lower,70,Republican,6796dc1dfb934d448ad6fa47502f1367,http://www.legis.iowa.gov/getPhotoPeople.aspx?GA=84&PID=7501,2011-09-13 01:16:51.588000,2012-10-29 04:04:00.141000
IAL000095,Bob M. Kressig,Bob,M.,Kressig,,,True,ia,lower,19,Democratic,d43ef219a2a84cf59b2aa109c5b452aa,http://www.legis.iowa.gov/getPhotoPeople.aspx?GA=84&PID=786,2011-09-13 01:16:51.599000,2012-10-29 04:04:00.142000
IAL000096,Vicki S. Lensing,Vicki,S.,Lensing,,,True,ia,lower,78,Democratic,0dd610f41e574272a70674c9b5e6dc01,http://www.legis.iowa.gov/getPhotoPeople.aspx?GA=84&PID=45,2011-09-13 01:16:51.643000,2012-10-29 04:04:00.143000
IAL000097,Mark Lofgren,Mark,,Lofgren,,,True,ia,lower,80,Republican,a51ec7ea7a4149ca881f4d89d7ce2d9b,http://www.legis.iowa.gov/getPhotoPeople.aspx?GA=84&PID=10803,2011-09-13 01:16:51.667000,2012-10-29 04:04:00.144000
IAL000098,Steven F. Lukan,Steven,F.,Lukan,,,True,ia,lower,32,Republican,9db09294b08f4301a6def7641815bc7e,http://www.legis.iowa.gov/getPhotoPeople.aspx?GA=84&PID=195,2011-09-13 01:16:51.678000,2012-10-29 04:04:00.145000
IAL000099,Jim Lykam,Jim,,Lykam,,,True,ia,lower,85,Democratic,30206766ff944e60965cc0ca6a046ecb,http://www.legis.iowa.gov/getPhotoPeople.aspx?GA=84&PID=246,2011-09-13 01:16:51.689000,2012-10-29 04:04:00.146000
IAL000100,Mary Mascher,Mary,,Mascher,,,True,ia,lower,77,Democratic,0da346b4dc4141989bb1e9cb21556f7d,http://www.legis.iowa.gov/getPhotoPeople.aspx?GA=84&PID=46,2011-09-13 01:16:51.703000,2012-10-29 04:04:00.147000
IAL000101,Glen Massie,Glen,,Massie,,,True,ia,lower,74,Republican,613cf36eef3a4552bcd832145a569768,http://www.legis.iowa.gov/getPhotoPeople.aspx?GA=84&PID=10802,2011-09-13 01:16:51.725000,2012-10-29 04:04:00.148000
IAL000102,Kevin M. McCarthy,Kevin,M.,McCarthy,,,True,ia,lower,67,Democratic,6b28d8390dbe45ddb54fe0c339cbc247,http://www.legis.iowa.gov/getPhotoPeople.aspx?GA=84&PID=300,2011-09-13 01:16:51.736000,2012-10-29 04:04:00.152000
IAL000103,Helen Miller,Helen,,Miller,,,True,ia,lower,49,Democratic,b0abc7398b3f4eff93259087ebf2d9eb,http://www.legis.iowa.gov/getPhotoPeople.aspx?GA=84&PID=219,2011-09-13 01:16:51.748000,2012-10-29 04:04:00.153000
IAL000104,Linda J. Miller,Linda,J.,Miller,,,True,ia,lower,82,Republican,4b4a771ac7cb4ab28842b53e6856265b,http://www.legis.iowa.gov/getPhotoPeople.aspx?GA=84&PID=6487,2011-09-13 01:16:51.759000,2012-10-29 04:04:00.154000
IAL000105,Brian Moore,Brian,,Moore,,,True,ia,lower,25,Republican,6202f9baf5bc497c8fb104f8da7e6721,http://www.legis.iowa.gov/getPhotoPeople.aspx?GA=84&PID=10793,2011-09-13 01:16:51.787000,2012-10-29 04:04:00.156000
IAL000106,Daniel Muhlbauer,Daniel,,Muhlbauer,,,True,ia,lower,51,Democratic,52356fcd2a75495ba1731c53d90cd9fe,http://www.legis.iowa.gov/getPhotoPeople.aspx?GA=84&PID=10799,2011-09-13 01:16:51.798000,2012-10-29 04:04:00.157000
IAL000107,Patrick Murphy,Patrick,,Murphy,,,True,ia,lower,28,Democratic,6452d6f19bd64365a3503ae38fac83d7,http://www.legis.iowa.gov/getPhotoPeople.aspx?GA=84&PID=36,2011-09-13 01:16:51.809000,2012-10-29 04:04:00.158000
IAL000108,Jo Oldson,Jo,,Oldson,,,True,ia,lower,61,Democratic,969fdfca5f7041cebb2c7bb909d930c0,http://www.legis.iowa.gov/getPhotoPeople.aspx?GA=84&PID=228,2011-09-13 01:16:51.820000,2012-10-29 04:04:00.159000
IAL000109,Rick Olson,Rick,,Olson,,,True,ia,lower,68,Democratic,9d1c3989f4984f4a996aaebdcd23c518,http://www.legis.iowa.gov/getPhotoPeople.aspx?GA=84&PID=781,2011-09-13 01:16:51.831000,2012-10-29 04:04:00.160000
IAL000110,Steven N. Olson,Steven,N.,Olson,,,True,ia,lower,83,Republican,90e6b511dd4f49b9a8e91f32d247eae3,http://www.legis.iowa.gov/getPhotoPeople.aspx?GA=84&PID=243,2011-09-13 01:16:51.841000,2012-10-29 04:04:00.161000
IAL000111,Tyler Olson,Tyler,,Olson,,,True,ia,lower,38,Democratic,f7a00bc9e13248fda1e6a9bed3def9ed,http://www.legis.iowa.gov/getPhotoPeople.aspx?GA=84&PID=6482,2011-09-13 01:16:51.852000,2012-10-29 04:04:00.162000
IAL000112,Kraig Paulsen,Kraig,,Paulsen,,,True,ia,lower,35,Republican,0a52b87d7cc848229fe8b12a51ea99e7,http://www.legis.iowa.gov/getPhotoPeople.aspx?GA=84&PID=199,2011-09-13 01:16:51.866000,2012-10-29 04:04:00.163000
IAL000113,Ross Paustian,Ross,,Paustian,,,True,ia,lower,84,Republican,6d693f1207cb41ee8652a0ba4f2d0d66,http://www.legis.iowa.gov/getPhotoPeople.aspx?GA=84&PID=10804,2011-09-13 01:16:51.877000,2012-10-29 04:04:00.164000
IAL000114,Kim Pearson,Kim,,Pearson,,,True,ia,lower,42,Republican,ab49d993812940ca8cddce2941998964,http://www.legis.iowa.gov/getPhotoPeople.aspx?GA=84&PID=10797,2011-09-13 01:16:51.888000,2012-10-29 04:04:00.165000
IAL000115,Janet Petersen,Janet,,Petersen,,,True,ia,lower,64,Democratic,ad92e2ed25af4d8883b5745256b79ef7,http://www.legis.iowa.gov/getPhotoPeople.aspx?GA=84&PID=72,2011-09-13 01:16:51.899000,2012-10-29 04:04:00.166000
IAL000116,Dawn E. Pettengill,Dawn,E.,Pettengill,,,True,ia,lower,39,Republican,9ab3235b7fbc4162ab752452f2bc0324,http://www.legis.iowa.gov/getPhotoPeople.aspx?GA=84&PID=778,2011-09-13 01:16:51.910000,2012-10-29 04:04:00.167000
IAL000117,Brian J. Quirk,Brian,J.,Quirk,,,True,ia,lower,15,Democratic,4356c39d2e12487589e5e93df7fdde90,http://www.legis.iowa.gov/getPhotoPeople.aspx?GA=84&PID=30,2011-09-13 01:16:51.921000,2012-10-29 04:04:00.168000
IAL000118,Scott Raecker,J. Scott,,Raecker,,,True,ia,lower,63,Republican,08d96ea2a27f4ca2b41f11cab2d91ec6,http://www.legis.iowa.gov/getPhotoPeople.aspx?GA=84&PID=76,2011-09-13 01:16:51.935000,2012-10-29 04:04:00.170000
IAL000119,Daniel Rasmussen,Daniel,,Rasmussen,,,True,ia,lower,23,Republican,9f82c5d8e202416bbbafe33f88755e89,http://www.legis.iowa.gov/getPhotoPeople.aspx?GA=84&PID=299,2011-09-13 01:16:51.950000,2012-10-29 04:04:00.171000
IAL000120,Henry V. Rayhons,Henry,V.,Rayhons,,,True,ia,lower,11,Republican,8ad175d4d79d47d3a122b7bdcfe4f7f4,http://www.legis.iowa.gov/getPhotoPeople.aspx?GA=84&PID=16,2011-09-13 01:16:51.961000,2012-10-29 04:04:00.172000
IAL000121,Walt Rogers,Walt,,Rogers,,,True,ia,lower,20,Republican,45849b3aebfa448f83e363107ac87619,http://www.legis.iowa.gov/getPhotoPeople.aspx?GA=84&PID=10790,2011-09-13 01:16:51.975000,2012-10-29 04:04:00.173000
IAL000122,Kirsten Running-Marquardt,Kirsten,,Running-Marquardt,,,True,ia,lower,33,Democratic,36f255754d7b4a3fa6132597b755588d,http://www.legis.iowa.gov/getPhotoPeople.aspx?GA=84&PID=10553,2011-09-13 01:16:51.990000,2012-10-29 04:04:00.174000
IAL000123,Thomas R. Sands,Thomas,R.,Sands,,,True,ia,lower,87,Republican,9bab8574bf47453d800404a467c5a537,http://www.legis.iowa.gov/getPhotoPeople.aspx?GA=84&PID=249,2011-09-13 01:16:52.040000,2012-10-29 04:04:00.175000
IAL000124,Renee Schulte,Renee,,Schulte,,,True,ia,lower,37,Republican,bebed17c4d5a41bc8cb71d3d3090b62c,http://www.legis.iowa.gov/getPhotoPeople.aspx?GA=84&PID=7505,2011-09-13 01:16:52.051000,2012-10-29 04:04:00.176000
IAL000125,Jason Schultz,Jason,,Schultz,,,True,ia,lower,55,Republican,7a2fba6cc7ab4e1791673191a74c4241,http://www.legis.iowa.gov/getPhotoPeople.aspx?GA=84&PID=7507,2011-09-13 01:16:52.063000,2012-10-29 04:04:00.177000
IAL000126,Tom Shaw,Tom,,Shaw,,,True,ia,lower,8,Republican,481f61dbd937436393ae2c3bd130f595,http://www.legis.iowa.gov/getPhotoPeople.aspx?GA=84&PID=10786,2011-09-13 01:16:52.074000,2012-10-29 04:04:00.178000
IAL000127,Jeff Smith,Jeff,,Smith,,,True,ia,lower,6,Republican,9981fed6114446d8abd68025d48ab900,http://www.legis.iowa.gov/getPhotoPeople.aspx?GA=84&PID=10784,2011-09-13 01:16:52.087000,2012-10-29 04:04:00.179000
IAL000128,Mark D. Smith,Mark,D.,Smith,,,True,ia,lower,43,Democratic,290f9b9f135e4b3fa63ba278103b4ac2,http://www.legis.iowa.gov/getPhotoPeople.aspx?GA=84&PID=64,2011-09-13 01:16:52.098000,2012-10-29 04:04:00.180000
IAL000129,Chuck Soderberg,Chuck,,Soderberg,,,True,ia,lower,3,Republican,b2b9cb6bc697489d93dbcdd7dc3933da,http://www.legis.iowa.gov/getPhotoPeople.aspx?GA=84&PID=784,2011-09-13 01:16:52.109000,2012-10-29 04:04:00.181000
IAL000130,Sharon S. Steckman,Sharon,S.,Steckman,,,True,ia,lower,13,Democratic,24d11ccd06904948bdb8e7149f0a2539,http://www.legis.iowa.gov/getPhotoPeople.aspx?GA=84&PID=7499,2011-09-13 01:16:52.134000,2012-10-29 04:04:00.182000
IAL000132,Annette Sweeney,Annette,,Sweeney,,,True,ia,lower,44,Republican,92a57b2906444e83bba7f1c65adefca8,http://www.legis.iowa.gov/getPhotoPeople.aspx?GA=84&PID=7504,2011-09-13 01:16:52.156000,2012-10-29 04:04:00.184000
IAL000133,Jeremy Taylor,Jeremy,,Taylor,,,True,ia,lower,1,Republican,bfd14dcbf12c41209649101354a1a94d,http://www.legis.iowa.gov/getPhotoPeople.aspx?GA=84&PID=10782,2011-09-13 01:16:52.166000,2012-10-29 04:04:00.185000
IAL000134,Todd E. Taylor,Todd,E.,Taylor,,,True,ia,lower,34,Democratic,c36629631f6d4d299d5f98e25db5e0af,http://www.legis.iowa.gov/getPhotoPeople.aspx?GA=84&PID=54,2011-09-13 01:16:52.178000,2012-10-29 04:04:00.186000
IAL000135,Phyllis Thede,Phyllis,,Thede,,,True,ia,lower,81,Democratic,4e27eca8df48497cbdec6aa120e57aac,http://www.legis.iowa.gov/getPhotoPeople.aspx?GA=84&PID=7496,2011-09-13 01:16:52.193000,2012-10-29 04:04:00.187000
IAL000136,Roger Thomas,Roger,,Thomas,,,True,ia,lower,24,Democratic,29f9298ff02240be942415d500701db1,http://www.legis.iowa.gov/getPhotoPeople.aspx?GA=84&PID=192,2011-09-13 01:16:52.204000,2012-10-29 04:04:00.188000
IAL000137,David A. Tjepkes,David,A.,Tjepkes,,,True,ia,lower,50,Republican,dbf1879fe6774a2fa02eb20430007414,http://www.legis.iowa.gov/getPhotoPeople.aspx?GA=84&PID=222,2011-09-13 01:16:52.215000,2012-10-29 04:04:00.189000
IAL000138,Linda L. Upmeyer,Linda,L.,Upmeyer,,,True,ia,lower,12,Republican,0e82f8d6eb8846d4b360aca9d3fea8d2,http://www.legis.iowa.gov/getPhotoPeople.aspx?GA=84&PID=180,2011-09-13 01:16:52.226000,2012-10-29 04:04:00.190000
IAL000139,James Van Engelenhoven,James,,Van Engelenhoven,,,True,ia,lower,71,Republican,2a13f901ba7141728c83f33bee05d475,http://www.legis.iowa.gov/getPhotoPeople.aspx?GA=84&PID=95,2011-09-13 01:16:52.237000,2012-10-29 04:04:00.191000
IAL000140,Guy Vander Linden,Guy,,Vander Linden,,,True,ia,lower,75,Republican,d2ce9c0c501d4965aa20500afeb2dd2c,http://www.legis.iowa.gov/getPhotoPeople.aspx?GA=84&PID=10808,2011-09-13 01:16:52.249000,2012-10-29 04:04:00.192000
IAL000141,Nick Wagner,Nick,,Wagner,,,True,ia,lower,36,Republican,306b0a8a84bf414388aef39b6c1251b7,http://www.legis.iowa.gov/getPhotoPeople.aspx?GA=84&PID=7506,2011-09-13 01:16:52.260000,2012-10-29 04:04:00.194000
IAL000142,Ralph C. Watts,Ralph,C.,Watts,,,True,ia,lower,47,Republican,21aa1dd403a941b0a5332f6e54d5ca84,http://www.legis.iowa.gov/getPhotoPeople.aspx?GA=84&PID=216,2011-09-13 01:16:52.284000,2012-10-29 04:04:00.195000
IAL000143,Andrew J. Wenthe,Andrew,J.,Wenthe,,,True,ia,lower,18,Democratic,520a3c82b86b4a619e3569546c2fdf0d,http://www.legis.iowa.gov/getPhotoPeople.aspx?GA=84&PID=6478,2011-09-13 01:16:52.299000,2012-10-29 04:04:00.196000
IAL000144,Beth Wessel-Kroeschell,Beth,,Wessel-Kroeschell,,,True,ia,lower,45,Democratic,c9d89e031bdc4f669ea1bbca18bf3e08,http://www.legis.iowa.gov/getPhotoPeople.aspx?GA=84&PID=779,2011-09-13 01:16:52.309000,2012-10-29 04:04:00.197000
IAL000145,Nathan Willems,Nathan,,Willems,,,True,ia,lower,29,Democratic,215e52ca0e054555a1912ae9eef4a916,http://www.legis.iowa.gov/getPhotoPeople.aspx?GA=84&PID=7495,2011-09-13 01:16:52.320000,2012-10-29 04:04:00.198000
IAL000146,Cindy Winckler,Cindy,,Winckler,,,True,ia,lower,86,Democratic,633b73ffea7a4707841ddb7727332b7b,http://www.legis.iowa.gov/getPhotoPeople.aspx?GA=84&PID=44,2011-09-13 01:16:52.331000,2012-10-29 04:04:00.199000
IAL000147,Matt W. Windschitl,Matt,W.,Windschitl,,,True,ia,lower,56,Republican,0c26f4431ba1459193836b2cfee6cdc7,http://www.legis.iowa.gov/getPhotoPeople.aspx?GA=84&PID=6483,2011-09-13 01:16:52.341000,2012-10-29 04:04:00.200000
IAL000148,John Wittneben,John,,Wittneben,,,True,ia,lower,7,Democratic,9ba5148d0d39408eb6799a14a66d2068,http://www.legis.iowa.gov/getPhotoPeople.aspx?GA=84&PID=10785,2011-09-13 01:16:52.352000,2012-10-29 04:04:00.201000
IAL000149,Mary Wolfe,Mary,,Wolfe,,,True,ia,lower,26,Democratic,6dd3208e42c84982a6d4971840bad954,http://www.legis.iowa.gov/getPhotoPeople.aspx?GA=84&PID=10794,2011-09-13 01:16:52.363000,2012-10-29 04:04:00.203000
IAL000150,Gary Worthan,Gary,,Worthan,,,True,ia,lower,52,Republican,7135a3fe1b1d49b6baca19c3511bd5ed,http://www.legis.iowa.gov/getPhotoPeople.aspx?GA=84&PID=7007,2011-09-13 01:16:52.392000,2012-10-29 04:04:00.204000
IAL000131,Kurt Swaim,Kurt,,Swaim,,,True,ia,lower,94,Democratic,c16608d89daa465995dea993cf4dd46c,http://www.legis.iowa.gov/getPhotoPeople.aspx?GA=84&PID=256,2011-09-13 01:16:52.145000,2012-10-29 04:04:00.205000
IAL000001,William Anderson,Bill,,Anderson,,,True,ia,upper,27,Republican,2abd8a04d21847e5a057aad314b8c5ca,http://www.legis.iowa.gov/getPhotoPeople.aspx?GA=84&PID=10780,2011-09-13 01:16:50.226000,2012-10-29 04:04:00.206000
IAL000002,Robert Bacon,Robert,,Bacon,,,True,ia,upper,5,Republican,0096b03359c24c2f87ac63c2d8e7835f,http://www.legis.iowa.gov/getPhotoPeople.aspx?GA=84&PID=10778,2011-09-13 01:16:50.240000,2012-10-29 04:04:00.276000
IAL000003,Merlin Bartz,Merlin,,Bartz,,,True,ia,upper,6,Republican,8a8ec39f5aa2492b9078febd0c9899f0,http://www.legis.iowa.gov/getPhotoPeople.aspx?GA=84&PID=7478,2011-09-13 01:16:50.252000,2012-10-29 04:04:00.277000
IAL000004,Daryl Beall,Daryl,,Beall,,,True,ia,upper,25,Democratic,669b4b413c5c4b6da3efef564db26e0e,http://www.legis.iowa.gov/getPhotoPeople.aspx?GA=84&PID=273,2011-09-13 01:16:50.263000,2012-10-29 04:04:00.278000
IAL000005,Jerry Behn,Jerry,,Behn,,,True,ia,upper,24,Republican,599d2f29e063480492ec44ca2085c103,http://www.legis.iowa.gov/getPhotoPeople.aspx?GA=84&PID=140,2011-09-13 01:16:50.333000,2012-10-29 04:04:00.280000
IAL000006,Rick Bertrand,Rick,,Bertrand,,,True,ia,upper,1,Republican,7bfb4896b44d4aee9d378ab1f123499a,http://www.legis.iowa.gov/getPhotoPeople.aspx?GA=84&PID=10777,2011-09-13 01:16:50.344000,2012-10-29 04:04:00.281000
IAL000007,Dennis Black,Dennis,,Black,,,True,ia,upper,21,Democratic,7f21e92e8f0a49ea9592daca039f22df,http://www.legis.iowa.gov/getPhotoPeople.aspx?GA=84&PID=129,2011-09-13 01:16:50.356000,2012-10-29 04:04:00.282000
IAL000008,Nancy J. Boettger,Nancy,J.,Boettger,,,True,ia,upper,29,Republican,78a7cfa9b1364c76be29b29a9dc84bc3,http://www.legis.iowa.gov/getPhotoPeople.aspx?GA=84&PID=141,2011-09-13 01:16:50.375000,2012-10-29 04:04:00.283000
IAL000009,Joe Bolkcom,Joe,,Bolkcom,,,True,ia,upper,39,Democratic,a12fb8dc01994e979c2e40b25ea9b060,http://www.legis.iowa.gov/getPhotoPeople.aspx?GA=84&PID=123,2011-09-13 01:16:50.408000,2012-10-29 04:04:00.284000
IAL000010,Tod Bowman,Tod,,Bowman,,,True,ia,upper,13,Democratic,5e9998c2c73b4d9c82d925358634a261,http://www.legis.iowa.gov/getPhotoPeople.aspx?GA=84&PID=11074,2011-09-13 01:16:50.420000,2012-10-29 04:04:00.285000
IAL000011,Mark Chelgren,Mark,,Chelgren,,,True,ia,upper,47,Republican,120b191e3e54480c9ef4868bca322768,http://www.legis.iowa.gov/getPhotoPeople.aspx?GA=84&PID=11073,2011-09-13 01:16:50.432000,2012-10-29 04:04:00.287000
IAL000012,Thomas G. Courtney,Thomas,G.,Courtney,,,True,ia,upper,44,Democratic,e8d8f66bd7f441308f770f202c15d426,http://www.legis.iowa.gov/getPhotoPeople.aspx?GA=84&PID=282,2011-09-13 01:16:50.443000,2012-10-29 04:04:00.288000
IAL000014,Jeff Danielson,Jeff,,Danielson,,,True,ia,upper,10,Democratic,ac850f15e213490f83a3a2b8ba091959,http://www.legis.iowa.gov/getPhotoPeople.aspx?GA=84&PID=790,2011-09-13 01:16:50.465000,2012-10-29 04:04:00.289000
IAL000015,Dick L. Dearden,Dick,L.,Dearden,,,True,ia,upper,34,Democratic,b328b6e466e4451dbb29d7ad50e10397,http://www.legis.iowa.gov/getPhotoPeople.aspx?GA=84&PID=135,2011-09-13 01:16:50.476000,2012-10-29 04:04:00.290000
IAL000016,Bill Dix,Bill,,Dix,,,True,ia,upper,9,Republican,3200043a7fc941a5bfd03526bfb4d8fc,http://www.legis.iowa.gov/getPhotoPeople.aspx?GA=84&PID=21,2011-09-13 01:16:50.488000,2012-10-29 04:04:00.291000
IAL000017,William A. Dotzler Jr.,William,A.,Dotzler,Jr.,,True,ia,upper,11,Democratic,353f9d9b913d4c2d9ab389da57c104b4,http://www.legis.iowa.gov/getPhotoPeople.aspx?GA=84&PID=157,2011-09-13 01:16:50.503000,2012-10-29 04:04:00.293000
IAL000018,Robert E. Dvorsky,Robert,E.,Dvorsky,,,True,ia,upper,15,Democratic,28dfbd9cd9cc4812a92c113753ffeb7e,http://www.legis.iowa.gov/getPhotoPeople.aspx?GA=84&PID=125,2011-09-13 01:16:50.514000,2012-10-29 04:04:00.294000
IAL000019,Joni Ernst,Joni,,Ernst,,,True,ia,upper,48,Republican,c24ab7e2204442b88f39a731e9fa74bb,http://www.legis.iowa.gov/getPhotoPeople.aspx?GA=84&PID=11232,2011-09-13 01:16:50.525000,2012-10-29 04:04:00.295000
IAL000020,Randy Feenstra,Randy,,Feenstra,,,True,ia,upper,2,Republican,918a84fc75b94057bfc3a3a1ce5d2b6b,http://www.legis.iowa.gov/getPhotoPeople.aspx?GA=84&PID=7477,2011-09-13 01:16:50.537000,2012-10-29 04:04:00.296000
IAL000021,Gene Fraise,Gene,,Fraise,,,True,ia,upper,46,Democratic,e71c831ff8764fa9909d8ae8dc35d89a,http://www.legis.iowa.gov/getPhotoPeople.aspx?GA=84&PID=150,2011-09-13 01:16:50.548000,2012-10-29 04:04:00.297000
IAL000022,Sandra Greiner,Sandra,,Greiner,,,True,ia,upper,45,Republican,a6b67977bdaa4a9aae151cfbd4dfe857,http://www.legis.iowa.gov/getPhotoPeople.aspx?GA=84&PID=251,2011-09-13 01:16:50.559000,2012-10-29 04:04:00.299000
IAL000023,Michael E. Gronstal,Michael,E.,Gronstal,,,True,ia,upper,50,Democratic,1b726cbc17d847bd8422cc7eb287992f,http://www.legis.iowa.gov/getPhotoPeople.aspx?GA=84&PID=142,2011-09-13 01:16:50.570000,2012-10-29 04:04:00.300000
IAL000024,James F. Hahn,James,F.,Hahn,,,True,ia,upper,40,Republican,48e1c8f7019846dd8a150ccfea25e7fa,http://www.legis.iowa.gov/getPhotoPeople.aspx?GA=84&PID=795,2011-09-13 01:16:50.581000,2012-10-29 04:04:00.301000
IAL000025,Shawn Hamerlinck,Shawn,,Hamerlinck,,,True,ia,upper,42,Republican,2970dac350d3426ea4e35d8f7be42285,http://www.legis.iowa.gov/getPhotoPeople.aspx?GA=84&PID=7489,2011-09-13 01:16:50.593000,2012-10-29 04:04:00.302000
IAL000026,Tom Hancock,Tom,,Hancock,,,True,ia,upper,16,Democratic,ace7608cdcba47e3bc9837899aee41e9,http://www.legis.iowa.gov/getPhotoPeople.aspx?GA=84&PID=792,2011-09-13 01:16:50.626000,2012-10-29 04:04:00.303000
IAL000027,Jack Hatch,Jack,,Hatch,,,True,ia,upper,33,Democratic,1a1c7fa181fb4c638b3e636a228f1c36,http://www.legis.iowa.gov/getPhotoPeople.aspx?GA=84&PID=162,2011-09-13 01:16:50.637000,2012-10-29 04:04:00.304000
IAL000028,Robert M. Hogg,Robert,M.,Hogg,,,True,ia,upper,19,Democratic,33cd82d4bc2a41e0b4d7e4ec3bbc3392,http://www.legis.iowa.gov/getPhotoPeople.aspx?GA=84&PID=6445,2011-09-13 01:16:50.648000,2012-10-29 04:04:00.305000
IAL000029,Wally E. Horn,Wally,E.,Horn,,,True,ia,upper,17,Democratic,715dcdc44ce64c2fb2c88c638998e02c,http://www.legis.iowa.gov/getPhotoPeople.aspx?GA=84&PID=127,2011-09-13 01:16:50.659000,2012-10-29 04:04:00.306000
IAL000030,Hubert Houser,Hubert,,Houser,,,True,ia,upper,49,Republican,9cea850dbb4141a19111f65456fb9e89,http://www.legis.iowa.gov/getPhotoPeople.aspx?GA=84&PID=143,2011-09-13 01:16:50.670000,2012-10-29 04:04:00.307000
IAL000031,Pam Jochum,Pam,,Jochum,,,True,ia,upper,14,Democratic,1e9297fcc66843e6bc65e03859714adf,http://www.legis.iowa.gov/getPhotoPeople.aspx?GA=84&PID=35,2011-09-13 01:16:50.683000,2012-10-29 04:04:00.309000
IAL000032,David Johnson,David,,Johnson,,,True,ia,upper,3,Republican,1f176369e5624c169e54b8b9101dd970,http://www.legis.iowa.gov/getPhotoPeople.aspx?GA=84&PID=155,2011-09-13 01:16:50.696000,2012-10-29 04:04:00.310000
IAL000033,Tim L. Kapucian,Tim,L.,Kapucian,,,True,ia,upper,20,Republican,2f6f5a8e5c2d45a6a88a48820b6f226b,http://www.legis.iowa.gov/getPhotoPeople.aspx?GA=84&PID=7483,2011-09-13 01:16:50.710000,2012-10-29 04:04:00.311000
IAL000034,Steve Kettering,Steve,,Kettering,,,True,ia,upper,26,Republican,b21c7f05995b4ea7a7e4d05a10f0f134,http://www.legis.iowa.gov/getPhotoPeople.aspx?GA=84&PID=315,2011-09-13 01:16:50.722000,2012-10-29 04:04:00.312000
IAL000035,John P. Kibbie,John,P.,Kibbie,,Jack,True,ia,upper,4,Democratic,230a9c5f694644feabb7e78e7039ae1f,http://www.legis.iowa.gov/getPhotoPeople.aspx?GA=84&PID=104,2011-09-13 01:16:50.733000,2012-10-29 04:04:00.313000
IAL000036,Matthew McCoy,Matt,,McCoy,,,True,ia,upper,31,Democratic,47764bc0cd8e44f28469a3127385735e,http://www.legis.iowa.gov/getPhotoPeople.aspx?GA=84&PID=134,2011-09-13 01:16:50.744000,2012-10-29 04:04:00.314000
IAL000037,Paul McKinley,Paul,,McKinley,,,True,ia,upper,36,Republican,ef219a36ebe4445ca5c40fa6787075f9,http://www.legis.iowa.gov/getPhotoPeople.aspx?GA=84&PID=146,2011-09-13 01:16:50.756000,2012-10-29 04:04:00.316000
IAL000038,Herman C. Quirmbach,Herman,C.,Quirmbach,,,True,ia,upper,23,Democratic,4e5bb15fbe9e41d0bb6dec27de75dd50,http://www.legis.iowa.gov/getPhotoPeople.aspx?GA=84&PID=161,2011-09-13 01:16:50.771000,2012-10-29 04:04:00.317000
IAL000039,Amanda Ragan,Amanda,,Ragan,,,True,ia,upper,7,Democratic,b69f332dffaa4b87823d0f4386ba90d5,http://www.legis.iowa.gov/getPhotoPeople.aspx?GA=84&PID=110,2011-09-13 01:16:50.788000,2012-10-29 04:04:00.318000
IAL000040,Tom Rielly,Tom,,Rielly,,,True,ia,upper,38,Democratic,f11a827891c94e1fbaf2da1e7b72ddc3,http://www.legis.iowa.gov/getPhotoPeople.aspx?GA=84&PID=794,2011-09-13 01:16:50.799000,2012-10-29 04:04:00.319000
IAL000041,Brian Schoenjahn,Brian,,Schoenjahn,,,True,ia,upper,12,Democratic,b4ddecdeacdf40e88966804312f721eb,http://www.legis.iowa.gov/getPhotoPeople.aspx?GA=84&PID=791,2011-09-13 01:16:50.831000,2012-10-29 04:04:00.320000
IAL000042,Joe M. Seng,Joe,M.,Seng,,,True,ia,upper,43,Democratic,6f18307c5c2b496cbc75ed8b6939b5ee,http://www.legis.iowa.gov/getPhotoPeople.aspx?GA=84&PID=164,2011-09-13 01:16:50.842000,2012-10-29 04:04:00.322000
IAL000043,James A. Seymour,James,A.,Seymour,,,True,ia,upper,28,Republican,cd07e5cae5d24ed99e2692f4dfd2969e,http://www.legis.iowa.gov/getPhotoPeople.aspx?GA=84&PID=278,2011-09-13 01:16:50.854000,2012-10-29 04:04:00.323000
IAL000044,Roby Smith,Roby,,Smith,,,True,ia,upper,41,Republican,32c3a9023e8c4834b8e89d98df8c3e35,http://www.legis.iowa.gov/getPhotoPeople.aspx?GA=84&PID=10781,2011-09-13 01:16:50.868000,2012-10-29 04:04:00.324000
IAL000045,Steven J. Sodders,Steven,J.,Sodders,,,True,ia,upper,22,Democratic,5ba352591dfc4fc8ae7ac396a062f693,http://www.legis.iowa.gov/getPhotoPeople.aspx?GA=84&PID=7484,2011-09-13 01:16:50.880000,2012-10-29 04:04:00.325000
IAL000046,Kent Sorenson,Kent,,Sorenson,,,True,ia,upper,37,Republican,361eb752b5eb4342a37160884c98b018,http://www.legis.iowa.gov/getPhotoPeople.aspx?GA=84&PID=7500,2011-09-13 01:16:50.893000,2012-10-29 04:04:00.326000
IAL000047,Pat Ward,Pat,,Ward,,,True,ia,upper,30,Republican,3c1391688adb47c19106e4b49308424d,http://www.legis.iowa.gov/getPhotoPeople.aspx?GA=84&PID=684,2011-09-13 01:16:50.905000,2012-10-29 04:04:00.327000
IAL000048,Jack Whitver,Jack,,Whitver,,,True,ia,upper,35,Republican,5ea097292be143da90dcde844a1788ab,http://www.legis.iowa.gov/getPhotoPeople.aspx?GA=84&PID=11245,2011-09-13 01:16:50.916000,2012-10-29 04:04:00.329000
IAL000049,Mary Jo Wilhelm,Mary Jo,,Wilhelm,,,True,ia,upper,8,Democratic,a22f24524fc34eb5a174169b9b90965d,http://www.legis.iowa.gov/getPhotoPeople.aspx?GA=84&PID=7488,2011-09-13 01:16:50.932000,2012-10-29 04:04:00.330000
IAL000050,Brad Zaun,Brad,,Zaun,,,True,ia,upper,32,Republican,dd2611e372134095b3092f659377c022,http://www.legis.iowa.gov/getPhotoPeople.aspx?GA=84&PID=793,2011-09-13 01:16:50.944000,2012-10-29 04:04:00.331000
IAL000151,Liz Mathis,Liz,,Mathis,,,True,ia,upper,18,Democratic,6da51b1c7de04516852ab91497638912,http://www.legis.iowa.gov/getPhotoPeople.aspx?GA=84&PID=11911,2011-11-15 01:11:14.790000,2012-10-29 04:04:00.332000
